filename,class
kerak-telor-47.jpeg,kerak-telor
kerak-telor-10.jpeg,kerak-telor
kerak-telor-51.jpeg,kerak-telor
kerak-telor-92.jpeg,kerak-telor
kerak-telor-84.jpeg,kerak-telor
kerak-telor-26.jpeg,kerak-telor
kerak-telor-71.jpeg,kerak-telor
kerak-telor-88.jpeg,kerak-telor
kerak-telor-67.jpeg,kerak-telor
kerak-telor-30.jpeg,kerak-telor
kerak-telor-31.jpeg,kerak-telor
kerak-telor-89.jpeg,kerak-telor
kerak-telor-66.jpeg,kerak-telor
kerak-telor-70.jpeg,kerak-telor
kerak-telor-27.jpeg,kerak-telor
kerak-telor-85.jpeg,kerak-telor
kerak-telor-1.jpeg,kerak-telor
kerak-telor-93.jpeg,kerak-telor
kerak-telor-50.jpeg,kerak-telor
kerak-telor-11.jpeg,kerak-telor
kerak-telor-46.jpeg,kerak-telor
kerak-telor-20.jpeg,kerak-telor
kerak-telor-98.jpeg,kerak-telor
kerak-telor-77.jpeg,kerak-telor
kerak-telor-61.jpeg,kerak-telor
kerak-telor-36.jpeg,kerak-telor
kerak-telor-41.jpeg,kerak-telor
kerak-telor-16.jpeg,kerak-telor
kerak-telor-57.jpeg,kerak-telor
kerak-telor-94.jpeg,kerak-telor
kerak-telor-6.jpeg,kerak-telor
kerak-telor-82.jpeg,kerak-telor
kerak-telor-83.jpeg,kerak-telor
kerak-telor-7.jpeg,kerak-telor
kerak-telor-95.jpeg,kerak-telor
kerak-telor-56.jpeg,kerak-telor
kerak-telor-17.jpeg,kerak-telor
kerak-telor-40.jpeg,kerak-telor
kerak-telor-37.jpeg,kerak-telor
kerak-telor-60.jpeg,kerak-telor
kerak-telor-99.jpeg,kerak-telor
kerak-telor-76.jpeg,kerak-telor
kerak-telor-21.jpeg,kerak-telor
kerak-telor-34.jpeg,kerak-telor
kerak-telor-63.jpeg,kerak-telor
kerak-telor-8.jpeg,kerak-telor
kerak-telor-75.jpeg,kerak-telor
kerak-telor-22.jpeg,kerak-telor
kerak-telor-59.jpeg,kerak-telor
kerak-telor-18.jpeg,kerak-telor
kerak-telor-38.jpeg,kerak-telor
kerak-telor-80.jpeg,kerak-telor
kerak-telor-4.jpeg,kerak-telor
kerak-telor-79.jpeg,kerak-telor
kerak-telor-96.jpeg,kerak-telor
kerak-telor-55.jpeg,kerak-telor
kerak-telor-14.jpeg,kerak-telor
kerak-telor-43.jpeg,kerak-telor
kerak-telor-42.jpeg,kerak-telor
kerak-telor-15.jpeg,kerak-telor
kerak-telor-54.jpeg,kerak-telor
kerak-telor-78.jpeg,kerak-telor
kerak-telor-97.jpeg,kerak-telor
kerak-telor-5.jpeg,kerak-telor
kerak-telor-81.jpeg,kerak-telor
kerak-telor-39.jpeg,kerak-telor
kerak-telor-19.jpeg,kerak-telor
kerak-telor-58.jpeg,kerak-telor
kerak-telor-100.jpeg,kerak-telor
kerak-telor-23.jpeg,kerak-telor
kerak-telor-74.jpeg,kerak-telor
kerak-telor-62.jpeg,kerak-telor
kerak-telor-9.jpeg,kerak-telor
kerak-telor-35.jpeg,kerak-telor
kerak-telor-69.jpeg,kerak-telor
kerak-telor-86.jpeg,kerak-telor
kerak-telor-2.jpeg,kerak-telor
kerak-telor-90.jpeg,kerak-telor
kerak-telor-28.jpeg,kerak-telor
kerak-telor-53.jpeg,kerak-telor
kerak-telor-12.jpeg,kerak-telor
kerak-telor-45.jpeg,kerak-telor
kerak-telor-32.jpeg,kerak-telor
kerak-telor-65.jpeg,kerak-telor
kerak-telor-73.jpeg,kerak-telor
kerak-telor-24.jpeg,kerak-telor
kerak-telor-49.jpeg,kerak-telor
kerak-telor-48.jpeg,kerak-telor
kerak-telor-25.jpeg,kerak-telor
kerak-telor-72.jpeg,kerak-telor
kerak-telor-64.jpeg,kerak-telor
kerak-telor-33.jpeg,kerak-telor
kerak-telor-44.jpeg,kerak-telor
kerak-telor-13.jpeg,kerak-telor
kerak-telor-52.jpeg,kerak-telor
kerak-telor-29.jpeg,kerak-telor
kerak-telor-91.jpeg,kerak-telor
kerak-telor-68.jpeg,kerak-telor
kerak-telor-3.jpeg,kerak-telor
kerak-telor-87.jpeg,kerak-telor
pempek-47.jpeg,pempek
pempek-10.jpeg,pempek
pempek-51.jpeg,pempek
pempek-92.jpeg,pempek
pempek-84.jpeg,pempek
pempek-26.jpeg,pempek
pempek-71.jpeg,pempek
pempek-88.jpeg,pempek
pempek-67.jpeg,pempek
pempek-30.jpeg,pempek
pempek-31.jpeg,pempek
pempek-89.jpeg,pempek
pempek-66.jpeg,pempek
pempek-70.jpeg,pempek
pempek-27.jpeg,pempek
pempek-85.jpeg,pempek
pempek-1.jpeg,pempek
pempek-93.jpeg,pempek
pempek-50.jpeg,pempek
pempek-11.jpeg,pempek
pempek-46.jpeg,pempek
pempek-20.jpeg,pempek
pempek-98.jpeg,pempek
pempek-77.jpeg,pempek
pempek-61.jpeg,pempek
pempek-36.jpeg,pempek
pempek-41.jpeg,pempek
pempek-16.jpeg,pempek
pempek-57.jpeg,pempek
pempek-94.jpeg,pempek
pempek-6.jpeg,pempek
pempek-82.jpeg,pempek
pempek-83.jpeg,pempek
pempek-7.jpeg,pempek
pempek-95.jpeg,pempek
pempek-56.jpeg,pempek
pempek-17.jpeg,pempek
pempek-40.jpeg,pempek
pempek-37.jpeg,pempek
pempek-60.jpeg,pempek
pempek-99.jpeg,pempek
pempek-76.jpeg,pempek
pempek-21.jpeg,pempek
pempek-34.jpeg,pempek
pempek-63.jpeg,pempek
pempek-8.jpeg,pempek
pempek-75.jpeg,pempek
pempek-22.jpeg,pempek
pempek-59.jpeg,pempek
pempek-18.jpeg,pempek
pempek-38.jpeg,pempek
pempek-80.jpeg,pempek
pempek-4.jpeg,pempek
pempek-79.jpeg,pempek
pempek-96.jpeg,pempek
pempek-55.jpeg,pempek
pempek-14.jpeg,pempek
pempek-43.jpeg,pempek
pempek-42.jpeg,pempek
pempek-15.jpeg,pempek
pempek-54.jpeg,pempek
pempek-78.jpeg,pempek
pempek-97.jpeg,pempek
pempek-5.jpeg,pempek
pempek-81.jpeg,pempek
pempek-39.jpeg,pempek
pempek-19.jpeg,pempek
pempek-58.jpeg,pempek
pempek-100.jpeg,pempek
pempek-23.jpeg,pempek
pempek-74.jpeg,pempek
pempek-62.jpeg,pempek
pempek-9.jpeg,pempek
pempek-35.jpeg,pempek
pempek-69.jpeg,pempek
pempek-86.jpeg,pempek
pempek-2.jpeg,pempek
pempek-90.jpeg,pempek
pempek-28.jpeg,pempek
pempek-53.jpeg,pempek
pempek-12.jpeg,pempek
pempek-45.jpeg,pempek
pempek-32.jpeg,pempek
pempek-65.jpeg,pempek
pempek-73.jpeg,pempek
pempek-24.jpeg,pempek
pempek-49.jpeg,pempek
pempek-48.jpeg,pempek
pempek-25.jpeg,pempek
pempek-72.jpeg,pempek
pempek-64.jpeg,pempek
pempek-33.jpeg,pempek
pempek-44.jpeg,pempek
pempek-13.jpeg,pempek
pempek-52.jpeg,pempek
pempek-29.jpeg,pempek
pempek-91.jpeg,pempek
pempek-68.jpeg,pempek
pempek-3.jpeg,pempek
pempek-87.jpeg,pempek
bika-ambon-47.jpeg,bika-ambon
bika-ambon-10.jpeg,bika-ambon
bika-ambon-51.jpeg,bika-ambon
bika-ambon-92.jpeg,bika-ambon
bika-ambon-84.jpeg,bika-ambon
bika-ambon-26.jpeg,bika-ambon
bika-ambon-71.jpeg,bika-ambon
bika-ambon-88.jpeg,bika-ambon
bika-ambon-67.jpeg,bika-ambon
bika-ambon-30.jpeg,bika-ambon
bika-ambon-31.jpeg,bika-ambon
bika-ambon-89.jpeg,bika-ambon
bika-ambon-66.jpeg,bika-ambon
bika-ambon-70.jpeg,bika-ambon
bika-ambon-27.jpeg,bika-ambon
bika-ambon-85.jpeg,bika-ambon
bika-ambon-1.jpeg,bika-ambon
bika-ambon-93.jpeg,bika-ambon
bika-ambon-50.jpeg,bika-ambon
bika-ambon-11.jpeg,bika-ambon
bika-ambon-46.jpeg,bika-ambon
bika-ambon-20.jpeg,bika-ambon
bika-ambon-98.jpeg,bika-ambon
bika-ambon-77.jpeg,bika-ambon
bika-ambon-61.jpeg,bika-ambon
bika-ambon-36.jpeg,bika-ambon
bika-ambon-41.jpeg,bika-ambon
bika-ambon-16.jpeg,bika-ambon
bika-ambon-57.jpeg,bika-ambon
bika-ambon-94.jpeg,bika-ambon
bika-ambon-6.jpeg,bika-ambon
bika-ambon-82.jpeg,bika-ambon
bika-ambon-7.jpeg,bika-ambon
bika-ambon-95.jpeg,bika-ambon
bika-ambon-56.jpeg,bika-ambon
bika-ambon-17.jpeg,bika-ambon
bika-ambon-40.jpeg,bika-ambon
bika-ambon-37.jpeg,bika-ambon
bika-ambon-60.jpeg,bika-ambon
bika-ambon-99.jpeg,bika-ambon
bika-ambon-76.jpeg,bika-ambon
bika-ambon-21.jpeg,bika-ambon
bika-ambon-34.jpeg,bika-ambon
bika-ambon-63.jpeg,bika-ambon
bika-ambon-8.jpeg,bika-ambon
bika-ambon-75.jpeg,bika-ambon
bika-ambon-22.jpeg,bika-ambon
bika-ambon-59.jpeg,bika-ambon
bika-ambon-18.jpeg,bika-ambon
bika-ambon-38.jpeg,bika-ambon
bika-ambon-80.jpeg,bika-ambon
bika-ambon-4.jpeg,bika-ambon
bika-ambon-79.jpeg,bika-ambon
bika-ambon-96.jpeg,bika-ambon
bika-ambon-55.jpeg,bika-ambon
bika-ambon-14.jpeg,bika-ambon
bika-ambon-43.jpeg,bika-ambon
bika-ambon-42.jpeg,bika-ambon
bika-ambon-15.jpeg,bika-ambon
bika-ambon-54.jpeg,bika-ambon
bika-ambon-78.jpeg,bika-ambon
bika-ambon-97.jpeg,bika-ambon
bika-ambon-5.jpeg,bika-ambon
bika-ambon-81.jpeg,bika-ambon
bika-ambon-39.jpeg,bika-ambon
bika-ambon-19.jpeg,bika-ambon
bika-ambon-58.jpeg,bika-ambon
bika-ambon-100.jpeg,bika-ambon
bika-ambon-23.jpeg,bika-ambon
bika-ambon-74.jpeg,bika-ambon
bika-ambon-62.jpeg,bika-ambon
bika-ambon-9.jpeg,bika-ambon
bika-ambon-35.jpeg,bika-ambon
bika-ambon-69.jpeg,bika-ambon
bika-ambon-86.jpeg,bika-ambon
bika-ambon-2.jpeg,bika-ambon
bika-ambon-90.jpeg,bika-ambon
bika-ambon-28.jpeg,bika-ambon
bika-ambon-53.jpeg,bika-ambon
bika-ambon-12.jpeg,bika-ambon
bika-ambon-45.jpeg,bika-ambon
bika-ambon-32.jpeg,bika-ambon
bika-ambon-65.jpeg,bika-ambon
bika-ambon-73.jpeg,bika-ambon
bika-ambon-24.jpeg,bika-ambon
bika-ambon-49.jpeg,bika-ambon
bika-ambon-48.jpeg,bika-ambon
bika-ambon-25.jpeg,bika-ambon
bika-ambon-72.jpeg,bika-ambon
bika-ambon-64.jpeg,bika-ambon
bika-ambon-33.jpeg,bika-ambon
bika-ambon-44.jpeg,bika-ambon
bika-ambon-13.jpeg,bika-ambon
bika-ambon-52.jpeg,bika-ambon
bika-ambon-29.jpeg,bika-ambon
bika-ambon-91.jpeg,bika-ambon
bika-ambon-68.jpeg,bika-ambon
bika-ambon-3.jpeg,bika-ambon
bika-ambon-87.jpeg,bika-ambon
